{
  "project_name" : "Databand",
  "project_id" : "2e4d6d69-45ef-4e5b-bfca-2521e01c2b4f",
  "created_by" : "Matt.Koscak@ibm.com",
  "created_at" : "2022-11-22T19:13:56.993506Z",
  "environment" : "cloud",
  "services_info" : [ {
    "name" : "ds-canvas",
    "version" : "1.0.2417"
  }, {
    "name" : "ds-flows",
    "version" : "1.0.668"
  }, {
    "name" : "ds-codegen",
    "version" : "1.0.2365"
  }, {
    "name" : "ds-flow-runtime",
    "version" : "1.0.1062"
  }, {
    "name" : "ds-migration",
    "version" : "1.0.851"
  }, {
    "name" : "DSAssets",
    "version" : "1.0.321"
  }, {
    "name" : "ds-cas-lite",
    "version" : "1.0.142"
  } ],
  "assets" : [ {
    "name" : "Multicloud Data Integration",
    "type" : "data_intg_flow"
  }, {
    "name" : "Multicloud Data Integration",
    "type" : "px_executables"
  }, {
    "name" : "Data Fabric Trial - MongoDB",
    "type" : "connection"
  }, {
    "name" : "Data Fabric Trial - Db2 Warehouse",
    "type" : "connection"
  }, {
    "name" : "Data Fabric Trial - Databases for PostgreSQL",
    "type" : "connection"
  } ],
  "flow_job_mapping" : [ ]
}