{
  "interaction_properties" : {
    "source" : [ {
      "hidden" : false,
      "masked" : false,
      "description" : "Specify the maximum Java Virtual Machine heap size in megabytes.",
      "displayGroup" : "other",
      "default_value" : "256",
      "label" : "Heap size",
      "type" : "integer",
      "supported_products" : [ "datastage_scapi" ],
      "required" : false,
      "user_defined" : false,
      "readonly" : false,
      "uiOnly" : false,
      "displayOrdinal" : 2147483647,
      "multiline" : false,
      "name" : "_java._heap_size",
      "multichoice" : false
    }, {
      "hidden" : false,
      "masked" : false,
      "description" : "The maximum number of bytes to return. Use any of these suffixes; KB, MB, GB, or TB",
      "displayGroup" : "limitsSource",
      "label" : "Byte limit",
      "type" : "string",
      "required" : false,
      "user_defined" : false,
      "readonly" : false,
      "uiOnly" : false,
      "displayOrdinal" : 20,
      "multiline" : false,
      "name" : "byte_limit",
      "multichoice" : false,
      "placeholder" : "100MB"
    }, {
      "hidden" : true,
      "masked" : false,
      "description" : "Filters as Spark SQL to be pushed to the data source",
      "displayGroup" : "other",
      "label" : "Push filters",
      "type" : "string",
      "required" : false,
      "user_defined" : false,
      "readonly" : false,
      "uiOnly" : false,
      "displayOrdinal" : 2147483647,
      "multiline" : false,
      "name" : "push_filters",
      "multichoice" : false
    }, {
      "hidden" : true,
      "masked" : false,
      "description" : "Inferred property that returns filters as Spark SQL that were pushed to the data source",
      "displayGroup" : "other",
      "label" : "Pushed filters",
      "type" : "string",
      "required" : false,
      "user_defined" : false,
      "readonly" : false,
      "uiOnly" : false,
      "displayOrdinal" : 2147483647,
      "multiline" : false,
      "name" : "pushed_filters",
      "multichoice" : false
    }, {
      "hidden" : true,
      "masked" : false,
      "description" : "Obtain the schema from the data source",
      "displayGroup" : "other",
      "default_value" : "true",
      "label" : "Infer schema",
      "type" : "boolean",
      "required" : false,
      "user_defined" : false,
      "readonly" : false,
      "uiOnly" : false,
      "displayOrdinal" : 2147483647,
      "multiline" : false,
      "name" : "rcp",
      "multichoice" : false
    }, {
      "hidden" : false,
      "masked" : false,
      "values" : [ {
        "label" : "General",
        "value" : "general"
      }, {
        "label" : "Select statement",
        "value" : "select"
      } ],
      "description" : "The method for reading records from the table",
      "displayGroup" : "generalSource",
      "default_value" : "general",
      "label" : "Read method",
      "type" : "enum",
      "required" : false,
      "user_defined" : false,
      "readonly" : false,
      "uiOnly" : false,
      "displayOrdinal" : 5,
      "multiline" : false,
      "name" : "read_mode",
      "multichoice" : false
    }, {
      "hidden" : true,
      "masked" : false,
      "description" : "Inferred property that returns filters as Spark SQL that could not be pushed to the data source and still need to be evaluated",
      "displayGroup" : "other",
      "label" : "Rejected filters",
      "type" : "string",
      "required" : false,
      "user_defined" : false,
      "readonly" : false,
      "uiOnly" : false,
      "displayOrdinal" : 2147483647,
      "multiline" : false,
      "name" : "rejected_filters",
      "multichoice" : false
    }, {
      "hidden" : false,
      "masked" : false,
      "description" : "The maximum number of rows to return",
      "displayGroup" : "limitsSource",
      "label" : "Row limit",
      "type" : "integer",
      "required" : false,
      "user_defined" : false,
      "readonly" : false,
      "uiOnly" : false,
      "displayOrdinal" : 10,
      "multiline" : false,
      "name" : "row_limit",
      "multichoice" : false,
      "placeholder" : "1000"
    }, {
      "hidden" : false,
      "masked" : false,
      "description" : "The name of the schema that contains the table to read from",
      "displayGroup" : "generalSource",
      "label" : "Schema name",
      "type" : "string",
      "required" : false,
      "user_defined" : false,
      "readonly" : false,
      "uiOnly" : false,
      "displayOrdinal" : 50,
      "multiline" : false,
      "name" : "schema_name",
      "multichoice" : false
    }, {
      "hidden" : false,
      "masked" : false,
      "description" : "The SQL SELECT statement for retrieving data from the table",
      "displayGroup" : "sqlSource",
      "label" : "Select statement",
      "type" : "string",
      "required" : true,
      "user_defined" : false,
      "readonly" : false,
      "uiOnly" : false,
      "displayOrdinal" : 50,
      "multiline" : true,
      "name" : "select_statement",
      "multichoice" : false
    }, {
      "hidden" : false,
      "masked" : false,
      "description" : "The name of the table to read from",
      "displayGroup" : "generalSource",
      "label" : "Table name",
      "type" : "string",
      "required" : true,
      "user_defined" : false,
      "readonly" : false,
      "uiOnly" : false,
      "displayOrdinal" : 70,
      "multiline" : false,
      "name" : "table_name",
      "multichoice" : false
    } ],
    "target" : [ {
      "hidden" : false,
      "masked" : false,
      "description" : "Specify the maximum Java Virtual Machine heap size in megabytes.",
      "displayGroup" : "other",
      "default_value" : "256",
      "label" : "Heap size",
      "type" : "integer",
      "supported_products" : [ "datastage_scapi" ],
      "required" : false,
      "user_defined" : false,
      "readonly" : false,
      "uiOnly" : false,
      "displayOrdinal" : 2147483647,
      "multiline" : false,
      "name" : "_java._heap_size",
      "multichoice" : false
    }, {
      "hidden" : false,
      "masked" : false,
      "description" : "Number of records to be included in each batch",
      "displayGroup" : "other",
      "default_value" : "2000",
      "label" : "Batch size",
      "type" : "integer",
      "supported_products" : [ "datastage_scapi" ],
      "required" : false,
      "user_defined" : false,
      "readonly" : false,
      "uiOnly" : false,
      "displayOrdinal" : 2147483647,
      "multiline" : false,
      "name" : "batch_size",
      "multichoice" : false
    }, {
      "hidden" : false,
      "masked" : false,
      "description" : "A comma separated list of column names to override the primary key used during an update or merge",
      "displayGroup" : "generalTarget",
      "label" : "Key column names",
      "type" : "string",
      "required" : false,
      "user_defined" : false,
      "readonly" : false,
      "uiOnly" : false,
      "displayOrdinal" : 60,
      "multiline" : false,
      "name" : "key_column_names",
      "multichoice" : false
    }, {
      "hidden" : false,
      "masked" : false,
      "description" : "The name of the schema that contains the table to write to",
      "displayGroup" : "generalTarget",
      "label" : "Schema name",
      "type" : "string",
      "required" : false,
      "user_defined" : false,
      "readonly" : false,
      "uiOnly" : false,
      "displayOrdinal" : 30,
      "multiline" : false,
      "name" : "schema_name",
      "multichoice" : false
    }, {
      "hidden" : false,
      "masked" : false,
      "description" : "The SQL used for setup operations, for example a CREATE statement",
      "displayGroup" : "sqlTarget",
      "label" : "Static statement",
      "type" : "string",
      "required" : true,
      "user_defined" : false,
      "readonly" : false,
      "uiOnly" : false,
      "displayOrdinal" : 20,
      "multiline" : true,
      "name" : "static_statement",
      "multichoice" : false
    }, {
      "hidden" : false,
      "masked" : false,
      "values" : [ {
        "label" : "Append",
        "value" : "append"
      } ],
      "description" : "The action to take on the target table to handle the new data set",
      "displayGroup" : "generalTarget",
      "default_value" : "append",
      "label" : "Table action",
      "type" : "enum",
      "required" : false,
      "user_defined" : false,
      "readonly" : false,
      "uiOnly" : false,
      "displayOrdinal" : 50,
      "multiline" : false,
      "name" : "table_action",
      "multichoice" : false
    }, {
      "hidden" : false,
      "masked" : false,
      "description" : "The name of the table to write to",
      "displayGroup" : "generalTarget",
      "label" : "Table name",
      "type" : "string",
      "required" : false,
      "user_defined" : false,
      "readonly" : false,
      "uiOnly" : false,
      "displayOrdinal" : 40,
      "multiline" : false,
      "name" : "table_name",
      "multichoice" : false
    }, {
      "hidden" : false,
      "masked" : false,
      "description" : "The SQL INSERT, UPDATE, MERGE, or DELETE statement for updating data in the table.",
      "displayGroup" : "sqlTarget",
      "label" : "Update statement",
      "type" : "string",
      "required" : false,
      "user_defined" : false,
      "readonly" : false,
      "uiOnly" : false,
      "displayOrdinal" : 10,
      "multiline" : true,
      "name" : "update_statement",
      "multichoice" : false
    }, {
      "hidden" : false,
      "masked" : false,
      "values" : [ {
        "label" : "Insert",
        "value" : "insert"
      }, {
        "label" : "Static statement",
        "value" : "static_statement",
        "supported_products" : [ "catalog", "cpd", "dv", "dvaas_ga", "igc", "mdi", "ml", "studio" ]
      }, {
        "label" : "Update",
        "value" : "update"
      }, {
        "label" : "Update statement",
        "value" : "update_statement",
        "supported_products" : [ "catalog", "cpd", "datastage", "datastage_scapi", "dv", "dvaas_ga", "igc", "mdi", "ml", "studio" ]
      }, {
        "label" : "Update statement with table action",
        "value" : "update_statement_table_action",
        "supported_products" : [ "catalog", "cpd", "datastage", "datastage_scapi", "dv", "dvaas_ga", "igc", "mdi", "ml", "studio" ]
      } ],
      "description" : "The mode for writing records to the target table",
      "displayGroup" : "generalTarget",
      "default_value" : "insert",
      "label" : "Write mode",
      "type" : "enum",
      "required" : false,
      "user_defined" : false,
      "readonly" : false,
      "uiOnly" : false,
      "displayOrdinal" : 10,
      "multiline" : false,
      "name" : "write_mode",
      "multichoice" : false
    } ]
  },
  "datasource_type" : "c6fb9293-51eb-4f2b-b20c-4dafa3136744",
  "name" : "Data Fabric Trial - MongoDB",
  "rov" : {
    "mode" : 0
  },
  "properties" : {
    "database" : "DOCUMENT",
    "password" : "11101961cal",
    "port" : "30623",
    "host" : "f8af5a63-e4d1-44e6-b92c-da4e1d3a6e7d-0.0135ec03d5bf43b196433793c98e8bd5.databases.appdomain.cloud",
    "ssl" : "true",
    "username" : "cpdemo"
  },
  "origin_country" : "us"
}